SI_No,Roll_No,Name,Theory_Held,Theory_Attended,Practical_Held,Practical_Attended
1,24001,ABHISHEK KUMAR,21,17,33,31
2,24002,ABHISHEK MEENA,21,19,33,31
3,24003,ABHISHEK MEENA,21,14,33,27
4,24004,ADITI RANI,21,17,33,31
5,24005,ADITYA CHANDEL,21,13,33,29
7,24007,ALTAMASH PARWEZ,21,17,33,31
8,24008,AMAN RAJ,21,17,33,21
9,24009,AMIT KUMAR SINHA,21,18,33,27
10,24010,AMOD KUMAR,21,19,33,26
11,24011,AMOGH PAREEK,21,13,33,22
12,24012,ANAND KUMAR MEGHWAL,21,17,33,24
13,24013,ANISH SUMAN,21,14,33,25
14,24014,ANISHA YADAV,21,17,33,22
15,24015,ANKIT SAHA,21,11,33,26
16,24016,ANKITA GHOSH,21,18,33,25
17,24017,ANKITA KUMAWAT,21,19,33,26
18,24018,ANURAG NARAYAN,21,17,33,27
19,24019,ARADHYA RAI,21,15,33,25
20,24020,ARIJ ISLAM,21,15,33,25
21,24021,ARINDAM DEY,21,13,33,25
22,24022,ARUN KUMAR DAS,21,16,12,12
23,24023,ARUNIM BHARDWAJ,21,14,12,12
24,24024,ARYAN RAJ,21,14,12,12
25,24025,ASHIKA SHRIVAS,21,15,12,7
26,24026,ASHKA,21,20,12,12
27,24027,ASHOK KUMAR MEENA,21,18,12,12
28,24028,ASHUTOSH KUMAR,21,18,12,12
29,24029,AYUSH CHANDRAKANT SIRSAT,21,11,12,3
30,24030,AYUSH KUMAR JHA,21,14,12,8
31,24031,AYUSH SINHA,21,12,12,4
32,24032,AYUSHI ANAND,21,14,12,8
33,24033,BABLU KUMAR,21,14,12,8
34,24034,BIBASWAN DAS DAS,21,13,12,6
35,24035,CASURINA PAUL,21,13,12,5
36,24036,DANISH SUGANDH,21,18,12,10
37,24037,DAYAKRISHNA SHARMA,21,15,12,11
38,24038,DEBDIP PANDIT,21,16,12,9
39,24039,DHARA SHARMA,21,15,12,4
40,24040,DIBYANSHU BARAL,21,17,12,8
41,24041,DIPAYAN BASAK,21,15,12,11
42,24042,HAGE RINYI,21,18,12,4
43,24043,HALIMA MAHJABIN,21,17,22,17
44,24044,HAPPY DAKUA,21,0,22,0
45,24045,HARI NARAYAN MEENA,21,12,22,5
46,24046,HIMANSHU FAUJDAR,21,17,22,13
47,24047,ISHANT KUMAR,21,12,22,14
48,24048,JASWANT SINGH RAJPUT,21,13,22,11
49,24049,JAYASHETTY ADITYA,21,14,21,16
50,24050,JEET ADITYA DUTTA,21,12,21,15
51,24051,KALASH SHUKLA,21,19,21,18
52,24052,KANAUJIYA VIPUL RAMESH,21,16,21,17
53,24053,KARTIK SAINI,21,14,21,12
54,24054,KAUSTAV BANGABASH,21,13,21,11
55,24055,KETHAVATH MAHESH,21,14,21,16
56,24056,KHUSHBOO PRIYA,21,13,21,16
57,24057,KHUSHI KUMARI SINGH,21,16,21,18
58,24058,MAHAK CHOUDHARY,21,18,21,19
59,24059,MD ARQUAM SADEEM,21,14,21,5
60,24060,MD EHTESHAM ZEYA,21,15,21,16
61,24061,MD FAIZAN,21,12,21,16
62,24062,MD MUSHARRAF ALAM,21,10,21,17
63,24063,MD RAMIJ REJA,21,11,21,13
64,24064,MOHAMMAD MASOOD IQBAL,21,12,24,19
65,24065,MOHAMMAD NAZISH,21,15,24,18
66,24066,MOHASINA KHATUN,21,15,24,18
67,24067,MRINAL MADHAV,21,17,24,16
68,24068,MUKESH KUMAR,21,16,24,19
69,24069,NAINA PRIYADARSHNI,21,8,24,18
70,24070,NANDINI PASWAN,21,14,24,18
71,24071,NIKHIL VERMA,21,15,30,24
72,24072,NILESH GAUR,21,17,30,24
73,24073,PALLAVI,21,17,30,28
74,24074,PRACHI KUMARI,21,15,30,27
75,24075,PRANJALI JENA,21,15,30,27
76,24076,PRANTOSH SARKAR,21,14,30,23
77,24077,PRATEEK MAURYA,21,17,30,23
78,24078,PRATHAM SUKHWANI,21,13,27,25
79,24079,PRIJIT KARAN,21,17,27,29
80,24080,PRINCE KUMAR,21,14,27,29
81,24081,PRIYANSHU KUMARI,21,18,27,29
82,24082,PUJA NEVATIA,21,21,27,29
83,24083,PUNEET PANDEY,21,10,27,23
84,24084,PUSHPENDRA SINGH,21,17,27,28
85,24085,RACHIT GROVER,21,12,29,24
86,24086,RAJNESH RAUSHAN,21,15,29,25
87,24087,RAJU CHOWDHURY,21,14,29,24
88,24088,RAKSHA DARJI,21,11,29,26
89,24089,RAMAN SINGH,21,18,29,25
90,24090,RAMAY MAHENDRA MISHRA,21,14,29,24
91,24091,RIDHI SURESH,21,15,29,24
92,24092,RINKU PUNIA,21,16,29,20
93,24093,RISHIKA,21,15,29,22
94,24094,RITESH KUMAR GUPTA,21,15,29,25
95,24095,RITIK KUMAR,21,14,29,25
96,24096,ROOMA PATEL,21,16,29,24
97,24097,RUDRA CHANDRAKAR,21,12,29,25
98,24098,SACHIN KUMAR,21,16,29,24
99,24099,SACHIN SAINI,21,20,29,28
100,24100,SAIKAT KUMAR GANGULY,21,17,29,27
101,24101,SAKSHI KUMARI,21,19,29,28
102,24102,SANJANA SINGH,21,17,29,23
103,24103,SANJEEV KUMAR,21,11,29,24
104,24104,SANJIB MANDAL,21,19,29,29
105,24105,SAQUEB AKHTAR,21,16,29,23
106,24106,SARFRAZ ANSARI,21,18,34,23
107,24107,SARIKA KUMARI,21,18,34,24
108,24108,SAYEBA KHATUN,21,13,34,18
109,24109,SHIVANI KUMARI,21,17,34,28
110,24110,SHREYASH HEMANT KAMBLE,21,12,34,20
111,24111,SHRIKANT,21,14,34,22
112,24112,SHRUTIKA SHARMA,21,16,34,23
113,24113,SHUBHAYU DEB,21,17,34,22
114,24114,SNEHA KUMARI,21,14,34,22
115,24115,SOMAY VIRWAL,21,14,34,9
116,24116,SUBHADEEP SINHA MAHAPATRA,21,16,34,23
117,24117,SUSHREE SOUKTIKA SETHY,21,11,34,25
118,24118,TANYA,21,14,34,16
119,24119,THUPTAN NORBU,21,16,34,28
120,24120,UDITA MEHRA,21,14,34,22
121,24121,VADINI KUMARI,21,14,34,27
122,24122,VANSHIKA RAWAL,21,19,34,28
123,24123,VED VAIBHAV SINGH,21,10,34,21
124,24124,YASH MISHRA,21,13,34,28
125,24125,ANSHU KUMAR,21,11,34,33
126,23048,VIKASH RAINA,21,0,34,0
127,23103,Md GULAM BAQUI BILLAH,21,16,34,26
128,22070,PRATIK RAJ SINGH,21,0,34,0
129,22079,RAUSHAN KUMAR,21,0,34,0
130,21114,VIKRAM PRATAP SINGH,21,18,34,31
131,22064,Noor Alam,21,15,34,32
132,23065,Nikita Chanchal,21,19,34,29
133,23033,Harendranath Mochahary,21,9,34,23
